student_id,name,city,maths,english,science,total,best,average,result,level
1,Ali,Lahore,80,72,91,243,91,81.0,Pass,High
2,Sara,Karachi,65,88,70,223,88,74.3,Pass,Normal
3,Hassan,Lahore,95,60,84,239,95,79.7,Pass,High
4,Ayesha,Islamabad,72,76,78,226,78,75.3,Pass,Normal
5,Bilal,Karachi,55,64,58,177,64,59.0,Fail,Normal
6,Fatima,Lahore,88,91,95,274,95,91.3,Pass,High
7,Usman,Islamabad,66,58,62,186,66,62.0,Pass,Normal
8,Zainab,Karachi,92,85,89,266,92,88.7,Pass,High
9,Hamza,Lahore,45,50,48,143,50,47.7,Fail,Normal
10,Maryam,Islamabad,78,80,74,232,80,77.3,Pass,Normal
11,Imran,Karachi,70,68,72,210,72,70.0,Pass,Normal
12,Hira,Islamabad,85,90,88,263,90,87.7,Pass,High
